age,rf_all_ages,rf_age_le28
1,18.188017899214056,17.543709805189554
2,18.188017899214056,17.543709805189557
3,18.84338361766066,18.534517126964868
4,18.84338361766066,18.534517126964868
5,25.55548167383265,18.54033421434351
6,25.55548167383265,24.580092614135463
7,25.55548167383265,24.580092614135463
8,25.555481673832645,24.580092614135463
9,25.666170346971803,24.593517128698572
10,25.6661703469718,24.593517128698572
11,31.391060266065654,32.32607522763523
12,31.391060266065654,32.32607522763523
13,31.391060266065654,32.32607522763523
14,31.391060266065654,32.326075227635236
15,31.391060266065654,32.32607522763523
16,31.391060266065654,32.32607522763523
17,31.391060266065654,32.32607522763523
18,31.721810058021273,33.51632439580444
19,31.721810058021273,33.51632439580444
20,31.721810058021273,33.51632439580444
21,31.721810058021273,38.19375199884419
22,37.95517365926953,38.19375199884419
23,37.95517365926953,38.19375199884419
24,37.95517365926953,38.19375199884419
25,37.95517365926953,38.19375199884419
26,37.95517365926953,38.19375199884419
27,37.95517365926953,38.19375199884419
28,37.95517365926953,38.19375199884419
29,37.95517365926953,38.19375199884419
30,37.95517365926953,38.19375199884419
31,37.95517365926953,38.19375199884419
32,37.95517365926953,38.19375199884419
33,37.95517365926953,38.19375199884419
34,37.95517365926953,38.19375199884419
35,37.95517365926953,38.19375199884419
36,37.95517365926953,38.19375199884419
37,37.95517365926953,38.19375199884419
38,37.95517365926953,38.19375199884419
39,37.95517365926953,38.19375199884419
40,37.95517365926953,38.19375199884419
41,37.95517365926953,38.19375199884419
42,37.95517365926953,38.19375199884419
43,46.06498403224687,38.19375199884419
44,46.06498403224687,38.19375199884419
45,46.06498403224687,38.19375199884419
46,46.06498403224687,38.19375199884419
47,46.06498403224687,38.19375199884419
48,46.06498403224687,38.19375199884419
49,46.06498403224687,38.19375199884419
50,46.06498403224687,38.19375199884419
51,46.06498403224687,38.19375199884419
52,46.06498403224687,38.19375199884419
53,46.06532655651872,38.19375199884419
54,46.06532655651872,38.19375199884419
55,46.06532655651872,38.19375199884419
56,46.06532655651872,38.19375199884419
57,46.06532655651872,38.19375199884419
58,46.06532655651872,38.19375199884419
59,46.06532655651872,38.19375199884419
60,46.62028582836337,38.19375199884419
61,46.62028582836337,38.19375199884419
62,46.62028582836337,38.19375199884419
63,46.62028582836337,38.19375199884419
64,46.62028582836337,38.19375199884419
65,46.63861485748959,38.19375199884419
66,46.63861485748959,38.19375199884419
67,46.63861485748959,38.19375199884419
68,46.638614857489586,38.19375199884419
69,46.63861485748959,38.19375199884419
70,46.638614857489586,38.19375199884419
71,46.63861485748959,38.19375199884419
72,46.63861485748959,38.19375199884419
73,46.63861485748959,38.19375199884419
74,47.09132295457698,38.19375199884419
75,47.09132295457698,38.19375199884419
76,47.091322954576974,38.19375199884419
77,47.091322954576974,38.19375199884419
78,47.09132295457698,38.19375199884419
79,47.6987774853213,38.19375199884419
80,47.6987774853213,38.19375199884419
81,47.6987774853213,38.19375199884419
82,47.6987774853213,38.19375199884419
83,47.6987774853213,38.19375199884419
84,47.6987774853213,38.19375199884419
85,47.6987774853213,38.19375199884419
86,47.6987774853213,38.19375199884419
87,47.6987774853213,38.19375199884419
88,47.6987774853213,38.19375199884419
89,47.6987774853213,38.19375199884419
90,47.6987774853213,38.19375199884419
91,47.71650301930188,38.19375199884419
92,47.71650301930189,38.19375199884419
93,47.71650301930188,38.19375199884419
94,47.71650301930188,38.19375199884419
95,47.71650301930188,38.19375199884419
96,48.193355737748476,38.19375199884419
97,48.19413719405916,38.19375199884419
98,48.19413719405916,38.19375199884419
99,48.19413719405916,38.19375199884419
100,48.19413719405916,38.19375199884419
101,48.19413719405917,38.19375199884419
102,48.19413719405916,38.19375199884419
103,48.19413719405916,38.19375199884419
104,48.20105243677761,38.19375199884419
105,48.23557379600091,38.19375199884419
106,48.23557379600091,38.19375199884419
107,48.23557379600091,38.19375199884419
108,48.23557379600091,38.19375199884419
109,48.23557379600091,38.19375199884419
110,48.23306277658344,38.19375199884419
111,48.23306277658344,38.19375199884419
112,48.23306277658344,38.19375199884419
113,48.23306277658344,38.19375199884419
114,48.23306277658344,38.19375199884419
115,48.23306277658344,38.19375199884419
116,48.23306277658344,38.19375199884419
117,48.23306277658344,38.19375199884419
118,48.23552510668052,38.19375199884419
119,48.23552510668052,38.19375199884419
120,48.23552510668052,38.19375199884419
121,48.23552510668052,38.19375199884419
122,48.23552510668052,38.19375199884419
123,48.23552510668052,38.19375199884419
124,48.23552510668052,38.19375199884419
125,48.23552510668052,38.19375199884419
126,48.23552510668052,38.19375199884419
127,48.23552510668053,38.19375199884419
128,48.23552510668052,38.19375199884419
129,48.23552510668052,38.19375199884419
130,48.23552510668052,38.19375199884419
131,48.23552510668052,38.19375199884419
132,48.23552510668052,38.19375199884419
133,48.23552510668052,38.19375199884419
134,48.23552510668052,38.19375199884419
135,48.410362363962086,38.19375199884419
136,48.41006615036985,38.19375199884419
137,48.41006615036985,38.19375199884419
138,48.41006615036985,38.19375199884419
139,48.41006615036985,38.19375199884419
140,48.397233043573735,38.19375199884419
141,48.397233043573735,38.19375199884419
142,48.397233043573735,38.19375199884419
143,48.397233043573735,38.19375199884419
144,48.397233043573735,38.19375199884419
145,48.397233043573735,38.19375199884419
146,48.397233043573735,38.19375199884419
147,48.397233043573735,38.19375199884419
148,48.397233043573735,38.19375199884419
149,48.40957673289412,38.19375199884419
150,48.38500081056403,38.19375199884419
151,48.38500081056403,38.19375199884419
152,48.38500081056403,38.19375199884419
153,48.38500081056402,38.19375199884419
154,48.38500081056403,38.19375199884419
155,48.38500081056403,38.19375199884419
156,48.38500081056403,38.19375199884419
157,48.38500081056403,38.19375199884419
158,48.38500081056403,38.19375199884419
159,48.38500081056402,38.19375199884419
160,48.38500081056402,38.19375199884419
161,48.38500081056403,38.19375199884419
162,48.38500081056402,38.19375199884419
163,48.38469974260286,38.19375199884419
164,48.38469974260286,38.19375199884419
165,48.38469974260286,38.19375199884419
166,48.38469974260286,38.19375199884419
167,48.38469974260286,38.19375199884419
168,48.38469974260286,38.19375199884419
169,48.38469974260286,38.19375199884419
170,48.38469974260286,38.19375199884419
171,48.38469974260286,38.19375199884419
172,48.38469974260286,38.19375199884419
173,48.38469974260286,38.19375199884419
174,48.38469974260286,38.19375199884419
175,48.38469974260286,38.19375199884419
176,48.38469974260286,38.19375199884419
177,48.38469974260286,38.19375199884419
178,48.38469974260286,38.19375199884419
179,48.38469974260286,38.19375199884419
180,48.38469974260286,38.19375199884419
181,48.45705163580675,38.19375199884419
182,48.45705163580675,38.19375199884419
183,48.45705163580675,38.19375199884419
184,48.45705163580675,38.19375199884419
185,48.45705163580675,38.19375199884419
186,48.45754653871937,38.19375199884419
187,48.45754653871937,38.19375199884419
188,48.45754653871937,38.19375199884419
189,48.45754653871937,38.19375199884419
190,48.45754653871937,38.19375199884419
191,48.45754653871937,38.19375199884419
192,48.45754653871937,38.19375199884419
193,48.45754653871937,38.19375199884419
194,48.46127906299121,38.19375199884419
195,48.46127906299121,38.19375199884419
196,48.46127906299121,38.19375199884419
197,48.46328930570966,38.19375199884419
198,48.46328930570966,38.19375199884419
199,48.46328930570966,38.19375199884419
200,48.46328930570966,38.19375199884419
201,48.46328930570966,38.19375199884419
202,48.46328930570966,38.19375199884419
203,48.46328930570966,38.19375199884419
204,48.46328930570966,38.19375199884419
205,48.46328930570966,38.19375199884419
206,48.46328930570966,38.19375199884419
207,48.46328930570966,38.19375199884419
208,48.46351624745723,38.19375199884419
209,48.46351624745723,38.19375199884419
210,48.46351624745723,38.19375199884419
211,48.463261684350435,38.19375199884419
212,48.463261684350435,38.19375199884419
213,48.463261684350435,38.19375199884419
214,48.463261684350435,38.19375199884419
215,48.463261684350435,38.19375199884419
216,48.463261684350435,38.19375199884419
217,48.463261684350435,38.19375199884419
218,48.463261684350435,38.19375199884419
219,48.463261684350435,38.19375199884419
220,48.463261684350435,38.19375199884419
221,48.463261684350435,38.19375199884419
222,48.463261684350435,38.19375199884419
223,48.463261684350435,38.19375199884419
224,48.463261684350435,38.19375199884419
225,48.69582207269993,38.19375199884419
226,48.69582207269994,38.19375199884419
227,48.69582207269993,38.19375199884419
228,48.71652493677761,38.19375199884419
229,48.71652493677761,38.19375199884419
230,48.716224791146544,38.19375199884419
231,48.71622479114654,38.19375199884419
232,48.71622479114654,38.19375199884419
233,48.71622479114654,38.19375199884419
234,48.71622479114654,38.19375199884419
235,48.71622479114654,38.19375199884419
236,48.71622479114654,38.19375199884419
237,48.71622479114654,38.19375199884419
238,48.716224791146544,38.19375199884419
239,48.71622479114654,38.19375199884419
240,48.71573081056402,38.19375199884419
241,48.71573081056402,38.19375199884419
242,48.71573081056402,38.19375199884419
243,48.71573081056402,38.19375199884419
244,48.71573081056402,38.19375199884419
245,48.71573081056402,38.19375199884419
246,48.71573081056402,38.19375199884419
247,48.71573081056402,38.19375199884419
248,48.71573081056401,38.19375199884419
249,48.71573081056402,38.19375199884419
250,48.71573081056402,38.19375199884419
251,48.71573081056401,38.19375199884419
252,48.71573081056402,38.19375199884419
253,48.71573081056402,38.19375199884419
254,48.71573081056401,38.19375199884419
255,48.71573081056402,38.19375199884419
256,48.71573081056401,38.19375199884419
257,48.71573081056402,38.19375199884419
258,48.71573081056402,38.19375199884419
259,48.71573081056401,38.19375199884419
260,48.71573081056401,38.19375199884419
261,48.71573081056401,38.19375199884419
262,48.71573081056402,38.19375199884419
263,48.71573081056402,38.19375199884419
264,48.71573081056402,38.19375199884419
265,48.71573081056402,38.19375199884419
266,48.71573081056402,38.19375199884419
267,48.71573081056401,38.19375199884419
268,48.71573081056402,38.19375199884419
269,48.71573081056401,38.19375199884419
270,48.80731003386499,38.19375199884419
271,48.80731003386499,38.19375199884419
272,48.80731003386499,38.19375199884419
273,48.82233838337955,38.19375199884419
274,48.82233838337955,38.19375199884419
275,48.82233838337955,38.19375199884419
276,48.82233838337955,38.19375199884419
277,48.82233838337955,38.19375199884419
278,48.82233838337955,38.19375199884419
279,48.82233838337955,38.19375199884419
280,48.82233838337955,38.19375199884419
281,48.82233838337955,38.19375199884419
282,48.82233838337955,38.19375199884419
283,48.82233838337955,38.19375199884419
284,48.82233838337955,38.19375199884419
285,48.82233838337955,38.19375199884419
286,48.82233838337955,38.19375199884419
287,48.82233838337955,38.19375199884419
288,48.82233838337955,38.19375199884419
289,48.82233838337955,38.19375199884419
290,48.82233838337955,38.19375199884419
291,48.82233838337955,38.19375199884419
292,48.82233838337955,38.19375199884419
293,48.82233838337955,38.19375199884419
294,48.82233838337955,38.19375199884419
295,48.82233838337955,38.19375199884419
296,48.82233838337955,38.19375199884419
297,48.82233838337955,38.19375199884419
298,48.82233838337955,38.19375199884419
299,48.82233838337955,38.19375199884419
300,48.82233838337955,38.19375199884419
301,48.82233838337955,38.19375199884419
302,48.82233838337955,38.19375199884419
303,48.82233838337955,38.19375199884419
304,48.82233838337955,38.19375199884419
305,48.82233838337955,38.19375199884419
306,48.82233838337955,38.19375199884419
307,48.82233838337955,38.19375199884419
308,48.82233838337955,38.19375199884419
309,48.82233838337955,38.19375199884419
310,48.82233838337955,38.19375199884419
311,48.82233838337955,38.19375199884419
312,48.82233838337955,38.19375199884419
313,48.82233838337955,38.19375199884419
314,48.82233838337955,38.19375199884419
315,48.82233838337955,38.19375199884419
316,48.80200532512712,38.19375199884419
317,48.80200532512712,38.19375199884419
318,48.78034013095237,38.19375199884419
319,48.78034013095237,38.19375199884419
320,48.78034013095237,38.19375199884419
321,48.78034013095237,38.19375199884419
322,48.78034013095236,38.19375199884419
323,48.78034013095237,38.19375199884419
324,48.78034013095237,38.19375199884419
325,48.78034013095237,38.19375199884419
326,48.78034013095237,38.19375199884419
327,48.78034013095237,38.19375199884419
328,48.78034013095237,38.19375199884419
329,48.78034013095237,38.19375199884419
330,48.78034013095237,38.19375199884419
331,48.78034013095237,38.19375199884419
332,48.78034013095237,38.19375199884419
333,48.78034013095237,38.19375199884419
334,48.78034013095237,38.19375199884419
335,48.78034013095237,38.19375199884419
336,48.78034013095237,38.19375199884419
337,48.78034013095237,38.19375199884419
338,48.78034013095237,38.19375199884419
339,48.78034013095237,38.19375199884419
340,48.78034013095237,38.19375199884419
341,48.78034013095237,38.19375199884419
342,48.78034013095237,38.19375199884419
343,48.78034013095237,38.19375199884419
344,48.78034013095237,38.19375199884419
345,48.78034013095237,38.19375199884419
346,48.78034013095237,38.19375199884419
347,48.78034013095237,38.19375199884419
348,48.78034013095237,38.19375199884419
349,48.78034013095237,38.19375199884419
350,48.78034013095237,38.19375199884419
351,48.78034013095237,38.19375199884419
352,48.78034013095237,38.19375199884419
353,48.78034013095237,38.19375199884419
354,48.78034013095237,38.19375199884419
355,48.78034013095237,38.19375199884419
356,48.78034013095237,38.19375199884419
357,48.78034013095237,38.19375199884419
358,48.78034013095237,38.19375199884419
359,48.78034013095237,38.19375199884419
360,48.78034013095237,38.19375199884419
361,48.78034013095237,38.19375199884419
362,48.78034013095237,38.19375199884419
363,48.72988551930189,38.19375199884419
364,48.72988551930189,38.19375199884419
365,48.72988551930189,38.19375199884419
