age,age_bin,strength,pred,abs_err
28,28,79.99,73.9989999999999,5.991000000000099
28,28,61.89,65.12599999999992,3.235999999999919
270,180+,40.27,36.46975000000012,3.8002499999998847
365,180+,41.05,36.46975000000012,4.580249999999879
360,180+,44.3,29.385650000000084,14.914349999999914
90,90,47.03,42.19070000000011,4.839299999999888
365,180+,43.7,37.45834999999996,6.2416500000000426
28,28,36.45,37.45834999999996,1.0083499999999574
28,28,45.85,42.19070000000011,3.659299999999888
28,28,39.29,39.87580000000001,0.5858000000000132
90,90,38.07,29.385650000000084,8.684349999999917
28,28,28.02,29.385650000000084,1.365650000000084
270,180+,43.01,38.034700000000065,4.975299999999933
90,90,42.33,37.53314999999992,4.796850000000077
28,28,47.81,43.409450000000106,4.400549999999896
90,90,52.91,34.193900000000006,18.71609999999999
90,90,39.36,27.019699999999897,12.340300000000102
365,180+,56.14,37.690700000000085,18.449299999999916
90,90,40.56,37.45834999999996,3.101650000000042
180,180+,42.62,39.87580000000001,2.744199999999985
180,180+,41.84,38.034700000000065,3.8052999999999386
28,28,28.24,27.019699999999897,1.2203000000001012
3,3,8.06,7.792849999999978,0.2671500000000222
180,180+,44.21,27.019699999999897,17.190300000000104
365,180+,52.52,34.193900000000006,18.326099999999997
270,180+,53.3,34.193900000000006,19.10609999999999
270,180+,41.15,37.45834999999996,3.6916500000000383
180,180+,52.12,37.690700000000085,14.429299999999913
28,28,37.43,38.034700000000065,0.6047000000000651
7,7,38.6,36.590350000000065,2.0096499999999367
365,180+,55.26,43.409450000000106,11.850549999999892
365,180+,52.91,42.19070000000011,10.719299999999883
180,180+,41.72,29.385650000000084,12.334349999999915
270,180+,42.13,39.87580000000001,2.25419999999999
365,180+,53.69,37.53314999999992,16.156850000000077
270,180+,38.41,33.43464999999995,4.975350000000049
28,28,30.08,33.43464999999995,3.3546499999999497
90,90,37.72,36.46975000000012,1.2502499999998804
90,90,42.23,39.87580000000001,2.3541999999999845
180,180+,36.25,33.43464999999995,2.815350000000052
90,90,50.46,37.690700000000085,12.769299999999916
365,180+,43.7,38.034700000000065,5.665299999999938
365,180+,39.0,33.43464999999995,5.565350000000052
180,180+,53.1,34.193900000000006,18.906099999999995
90,90,41.54,38.034700000000065,3.5052999999999344
7,7,35.08,34.519149999999954,0.5608500000000447
3,3,15.05,15.047529999999995,0.0024700000000059674
180,180+,40.76,37.45834999999996,3.3016500000000377
7,7,26.26,23.76560000000008,2.4943999999999207
7,7,32.82,31.06516666666662,1.75483333333338
180,180+,39.78,36.46975000000012,3.3102499999998827
180,180+,46.93,37.53314999999992,9.396850000000079
90,90,33.12,33.43464999999995,0.3146499999999506
90,90,49.19,43.409450000000106,5.7805499999998915
7,7,14.59,13.097150000000005,1.4928499999999953
7,7,14.64,14.228350000000013,0.4116499999999874
365,180+,41.93,39.87580000000001,2.0541999999999874
3,3,9.13,9.861800000000034,0.7318000000000335
180,180+,50.95,43.409450000000106,7.540549999999897
28,28,33.02,36.46975000000012,3.4497500000001153
270,180+,54.38,43.409450000000106,10.970549999999896
270,180+,51.73,42.19070000000011,9.539299999999884
3,3,9.87,10.910549999999958,1.0405499999999588
270,180+,50.66,37.53314999999992,13.126850000000076
180,180+,48.7,42.19070000000011,6.5092999999998895
270,180+,55.06,37.690700000000085,17.369299999999917
360,180+,44.7,27.019699999999897,17.680300000000106
7,7,30.28,28.77949999999998,1.5005000000000202
28,28,40.86,37.53314999999992,3.3268500000000785
28,28,71.99,66.31104999999987,5.678950000000128
3,3,34.4,34.41184999999996,0.011849999999959948
3,3,28.8,27.774640000000073,1.025359999999928
3,3,33.4,33.65843749999991,0.25843749999991417
3,3,36.3,35.451287500000056,0.8487124999999409
3,3,29.0,31.429750000000016,2.4297500000000163
3,3,37.8,36.82395000000007,0.9760499999999297
3,3,40.2,39.33251249999995,0.8674875000000526
3,3,33.4,33.65843749999991,0.25843749999991417
3,3,28.1,30.006300000000028,1.9063000000000265
3,3,41.3,37.909067500000084,3.390932499999913
3,3,33.4,33.65843749999991,0.25843749999991417
3,3,25.2,26.061716666666616,0.8617166666666165
3,3,41.1,38.32435833333345,2.7756416666665515
3,3,35.3,35.24090000000012,0.059099999999880026
3,3,28.3,27.62035000000006,0.6796499999999419
3,3,28.6,30.761262500000072,2.1612625000000705
3,3,35.3,35.24090000000012,0.059099999999880026
3,3,24.4,26.136383333333324,1.7363833333333254
3,3,35.3,35.24090000000012,0.059099999999880026
3,3,39.3,37.98055000000008,1.319449999999918
3,3,40.6,38.32250000000011,2.2774999999998897
3,3,35.3,35.24090000000012,0.059099999999880026
3,3,24.1,26.156850000000027,2.0568500000000256
7,7,46.2,46.2973821428571,0.09738214285710001
7,7,42.8,41.535778571428644,1.2642214285713536
7,7,49.2,48.97770000000001,0.22229999999998995
7,7,46.8,48.04060000000001,1.2406000000000148
7,7,45.7,46.0963833333333,0.3963833333332971
7,7,55.6,52.92246250000016,2.6775374999998434
7,7,54.9,53.423499999999876,1.4765000000001223
7,7,49.2,48.97770000000001,0.22229999999998995
7,7,34.9,40.673651190476086,5.773651190476087
7,7,46.9,47.62824999999987,0.7282499999998748
7,7,49.2,48.97770000000001,0.22229999999998995
7,7,33.4,37.241153571428484,3.8411535714284852
7,7,54.1,51.96497392857158,2.1350260714284204
7,7,55.9,47.35192261904749,8.548077380952506
7,7,49.8,44.88096071428574,4.9190392857142555
7,7,47.1,47.52419642857152,0.42419642857151985
7,7,55.9,47.35192261904749,8.548077380952506
7,7,38.0,39.117999999999995,1.117999999999995
7,7,55.9,47.35192261904749,8.548077380952506
7,7,56.1,52.05327500000015,4.046724999999853
7,7,59.09,54.23560000000005,4.854399999999956
7,7,22.9,47.35192261904749,24.451922619047494
7,7,35.1,37.5408107142858,2.4408107142857958
28,28,61.09,62.85395000000004,1.7639500000000368
28,28,59.8,57.49849999999993,2.3015000000000683
28,28,60.29,60.27805000000025,0.011949999999750105
28,28,61.8,62.08244583333329,0.2824458333332913
28,28,56.7,56.96360000000005,0.26360000000004646
28,28,68.3,63.668099999999896,4.631900000000101
28,28,66.9,65.05594999999987,1.8440500000001379
28,28,60.29,60.27805000000025,0.011949999999750105
28,28,50.7,53.22621666666673,2.526216666666727
28,28,56.4,59.05634999999986,2.656349999999861
28,28,60.29,60.27805000000025,0.011949999999750105
28,28,55.5,57.9111,2.4110999999999976
28,28,68.5,65.9140916666667,2.5859083333332933
28,28,71.3,71.07542499999978,0.2245750000002147
28,28,74.7,69.03435000000012,5.665649999999886
28,28,52.2,57.75107500000009,5.55107500000009
28,28,71.3,71.07542499999978,0.2245750000002147
28,28,67.7,63.13960000000011,4.560399999999895
28,28,71.3,71.07542499999978,0.2245750000002147
28,28,66.0,63.868499999999976,2.131500000000024
28,28,74.5,71.10605000000001,3.3939499999999896
28,28,71.3,71.07542499999978,0.2245750000002147
28,28,49.9,54.44534999999986,4.545349999999864
56,56,63.4,62.85395000000004,0.5460499999999584
56,56,64.9,57.49849999999993,7.401500000000077
56,56,64.3,60.27805000000025,4.021949999999748
56,56,64.9,62.08244583333329,2.817554166666717
56,56,60.2,56.96360000000005,3.2363999999999535
56,56,72.3,63.668099999999896,8.631900000000101
56,56,69.3,65.05594999999987,4.244050000000129
56,56,64.3,60.27805000000025,4.021949999999748
56,56,55.2,53.22621666666673,1.973783333333273
56,56,58.8,59.05634999999986,0.25634999999986263
56,56,64.3,60.27805000000025,4.021949999999748
56,56,66.1,57.9111,8.188899999999997
56,56,73.7,65.9140916666667,7.785908333333296
56,56,77.3,71.07542499999978,6.224575000000215
56,56,80.2,69.03435000000012,11.165649999999886
56,56,54.9,57.75107500000009,2.851075000000094
56,56,77.3,71.07542499999978,6.224575000000215
56,56,72.99,63.13960000000011,9.850399999999887
56,56,77.3,71.07542499999978,6.224575000000215
56,56,71.7,63.868499999999976,7.831500000000027
56,56,79.4,71.10605000000001,8.293949999999995
56,56,77.3,71.07542499999978,6.224575000000215
56,56,59.89,54.44534999999986,5.444650000000138
91,90,64.9,62.85395000000004,2.0460499999999655
91,90,66.6,57.49849999999993,9.101500000000065
91,90,65.2,60.27805000000025,4.921949999999754
91,90,66.7,62.08244583333329,4.617554166666714
91,90,62.5,56.96360000000005,5.536399999999951
91,90,74.19,63.668099999999896,10.521900000000102
91,90,70.7,65.05594999999987,5.644050000000135
91,90,65.2,60.27805000000025,4.921949999999754
91,90,57.6,53.22621666666673,4.373783333333272
91,90,59.2,59.05634999999986,0.14365000000014305
91,90,65.2,60.27805000000025,4.921949999999754
91,90,68.1,57.9111,10.188899999999997
91,90,75.5,65.9140916666667,9.585908333333293
91,90,79.3,71.07542499999978,8.224575000000215
91,90,56.5,57.75107500000009,1.2510750000000925
91,90,79.3,71.07542499999978,8.224575000000215
91,90,76.8,63.13960000000011,13.660399999999889
91,90,79.3,71.07542499999978,8.224575000000215
91,90,73.3,63.868499999999976,9.431500000000021
91,90,82.6,71.10605000000001,11.493949999999984
91,90,79.3,71.07542499999978,8.224575000000215
91,90,67.8,54.44534999999986,13.354650000000134
3,3,11.58,11.593349999999981,0.013349999999981321
14,14,24.45,24.385699999999932,0.06430000000006686
28,28,24.89,25.061200000000007,0.17120000000000601
56,56,29.45,25.061200000000007,4.388799999999993
100,90,40.71,25.061200000000007,15.648799999999994
3,3,10.38,10.035500000000035,0.3444999999999663
14,14,22.14,22.158649999999987,0.018649999999986733
28,28,22.84,23.41385000000004,0.5738500000000393
56,56,27.66,23.41385000000004,4.246149999999961
100,90,34.56,23.41385000000004,11.146149999999963
3,3,12.45,13.081499999999982,0.6314999999999831
14,14,24.99,24.69804999999993,0.29195000000006743
28,28,25.72,28.481000000000027,2.7610000000000277
56,56,33.96,28.481000000000027,5.478999999999974
100,90,37.34,28.481000000000027,8.858999999999977
3,3,15.04,13.763549999999977,1.2764500000000218
14,14,21.06,22.030349999999984,0.9703499999999856
28,28,26.4,26.394349999999985,0.005650000000013478
56,56,35.34,26.394349999999985,8.945650000000018
100,90,40.57,26.394349999999985,14.175650000000015
3,3,12.47,13.199999999999982,0.7299999999999809
14,14,20.92,22.65290000000003,1.7329000000000292
28,28,24.9,26.196999999999985,1.2969999999999864
56,56,34.2,26.196999999999985,8.003000000000018
100,90,39.61,26.196999999999985,13.413000000000014
3,3,10.03,10.541099999999995,0.5110999999999954
14,14,20.08,21.113299999999967,1.0332999999999686
28,28,24.48,23.98884999999997,0.4911500000000295
56,56,31.54,23.98884999999997,7.551150000000028
100,90,35.34,23.98884999999997,11.351150000000032
3,3,9.45,11.310800000000002,1.860800000000003
14,14,22.72,22.660199999999982,0.05980000000001695
28,28,28.47,27.181949999999997,1.288050000000002
56,56,38.56,27.181949999999997,11.378050000000005
100,90,40.39,27.181949999999997,13.208050000000004
3,3,10.76,11.144150000000003,0.38415000000000354
14,14,25.48,23.365149999999982,2.1148500000000183
28,28,21.54,22.67254999999998,1.1325499999999806
56,56,28.63,22.67254999999998,5.957450000000019
100,90,33.54,22.67254999999998,10.86745000000002
3,3,7.75,11.293100000000004,3.5431000000000044
14,14,17.82,21.786700000000028,3.966700000000028
28,28,24.24,26.316649999999914,2.0766499999999155
56,56,32.85,26.316649999999914,6.5333500000000875
100,90,39.23,26.316649999999914,12.913350000000083
3,3,18.0,16.488299999999985,1.5117000000000154
14,14,30.39,30.225550000000062,0.16444999999993826
28,28,45.71,41.650150000000004,4.059849999999997
56,56,50.77,41.650150000000004,9.11985
100,90,53.9,41.650150000000004,12.249849999999995
3,3,13.18,14.325999999999992,1.145999999999992
14,14,17.84,22.616700000000055,4.776700000000055
28,28,40.23,34.412849999999935,5.817150000000062
56,56,47.13,34.412849999999935,12.717150000000068
100,90,49.97,34.412849999999935,15.557150000000064
3,3,13.36,12.707849999999993,0.652150000000006
14,14,22.32,22.67485000000001,0.35485000000000966
28,28,24.54,25.62424999999998,1.0842499999999795
56,56,31.35,25.62424999999998,5.725750000000023
100,90,40.86,25.62424999999998,15.23575000000002
3,3,19.93,17.204949999999968,2.7250500000000315
14,14,25.69,25.40314999999997,0.2868500000000296
28,28,30.23,30.232499999999888,0.002499999999887592
56,56,39.59,30.232499999999888,9.357500000000115
100,90,44.3,30.232499999999888,14.06750000000011
3,3,13.82,13.357450000000004,0.4625499999999967
14,14,24.92,25.438550000000014,0.5185500000000118
28,28,29.22,28.5717,0.648299999999999
56,56,38.33,28.5717,9.758299999999998
100,90,42.35,28.5717,13.778300000000002
3,3,13.54,14.23979999999997,0.6997999999999713
14,14,26.31,26.89240000000003,0.5824000000000318
28,28,31.64,32.31315000000006,0.6731500000000565
56,56,42.55,32.31315000000006,10.23684999999994
100,90,42.92,32.31315000000006,10.606849999999945
3,3,13.33,14.15189999999997,0.8218999999999692
14,14,25.37,26.747399999999956,1.3773999999999553
28,28,37.4,35.03219999999996,2.367800000000038
56,56,44.4,35.03219999999996,9.367800000000038
100,90,47.74,35.03219999999996,12.707800000000042
3,3,19.52,17.037699999999983,2.4823000000000164
14,14,31.35,30.086450000000074,1.2635499999999276
28,28,38.5,36.49205,2.007950000000001
56,56,45.08,36.49205,8.58795
100,90,47.82,36.49205,11.327950000000001
3,3,15.44,15.24210000000002,0.19789999999997931
14,14,26.77,25.886450000000064,0.8835499999999357
28,28,33.73,31.988549999999915,1.741450000000082
56,56,42.7,31.988549999999915,10.711450000000088
100,90,45.84,31.988549999999915,13.851450000000089
3,3,17.22,15.692499999999955,1.5275000000000443
14,14,29.93,27.687900000000027,2.2420999999999722
28,28,29.65,30.496049999999954,0.8460499999999556
56,56,36.97,30.496049999999954,6.473950000000045
100,90,43.58,30.496049999999954,13.083950000000044
3,3,13.12,14.29249999999995,1.1724999999999515
14,14,24.43,25.88535,1.4553499999999993
28,28,32.66,31.496899999999922,1.1631000000000746
56,56,36.64,31.496899999999922,5.143100000000079
100,90,44.21,31.496899999999922,12.713100000000079
3,3,13.62,13.638999999999958,0.01899999999995927
14,14,21.6,22.291199999999975,0.6911999999999736
28,28,27.77,27.885450000000063,0.11545000000006311
56,56,35.57,27.885450000000063,7.684549999999938
100,90,45.37,27.885450000000063,17.484549999999935
3,3,7.32,9.548149999999982,2.2281499999999816
14,14,21.5,24.241800000000023,2.7418000000000227
28,28,31.27,30.58390000000009,0.6860999999999109
56,56,43.5,30.58390000000009,12.916099999999911
100,90,48.67,30.58390000000009,18.086099999999913
3,3,7.4,9.001800000000014,1.6018000000000132
14,14,23.51,24.895800000000055,1.385800000000053
28,28,31.12,29.95684999999996,1.1631500000000408
56,56,39.15,29.95684999999996,9.193150000000038
100,90,48.15,29.95684999999996,18.19315000000004
3,3,22.5,22.503624999999975,0.0036249999999746763
14,14,34.67,35.09336999999999,0.42336999999999136
28,28,34.74,36.16549999999987,1.4254999999998645
56,56,45.08,36.16549999999987,8.914500000000132
100,90,48.97,36.16549999999987,12.804500000000132
3,3,23.14,23.087950000000014,0.05204999999998705
14,14,41.89,40.636473333333434,1.2535266666665663
28,28,48.28,46.77290000000003,1.5070999999999728
56,56,51.04,46.77290000000003,4.267099999999971
100,90,55.64,46.77290000000003,8.867099999999972
3,3,22.95,22.727699999999945,0.2223000000000539
14,14,35.23,35.91481999999988,0.6848199999998812
28,28,39.94,38.95739999999984,0.9826000000001542
56,56,48.72,38.95739999999984,9.762600000000155
100,90,52.04,38.95739999999984,13.082600000000156
3,3,21.02,21.16420000000002,0.1442000000000192
14,14,33.36,34.45229999999993,1.0922999999999305
28,28,33.94,37.27649999999991,3.3364999999999156
56,56,44.14,37.27649999999991,6.863500000000087
100,90,45.37,37.27649999999991,8.093500000000084
3,3,15.36,16.890650000000022,1.5306500000000227
14,14,28.68,29.472750000000033,0.7927500000000336
28,28,30.85,33.39450000000008,2.5445000000000775
56,56,42.03,33.39450000000008,8.635499999999922
100,90,51.06,33.39450000000008,17.665499999999923
3,3,21.78,21.29215000000004,0.4878499999999626
14,14,42.29,40.823949999999975,1.466050000000024
28,28,50.6,46.672400000000124,3.9275999999998774
56,56,55.83,46.672400000000124,9.157599999999874
100,90,60.95,46.672400000000124,14.277599999999879
3,3,23.52,22.857350000000025,0.6626499999999744
14,14,42.22,40.47095000000004,1.7490499999999614
28,28,52.5,47.05405,5.445950000000003
56,56,60.32,47.05405,13.265950000000004
100,90,66.42,47.05405,19.365950000000005
3,3,23.8,23.64895000000005,0.15104999999995172
14,14,38.77,40.46315000000011,1.6931500000001094
28,28,51.33,49.93154999999997,1.3984500000000253
56,56,56.85,49.93154999999997,6.918450000000028
100,90,58.61,49.93154999999997,8.678450000000026
3,3,21.91,22.453599999999966,0.5435999999999659
14,14,36.99,37.75694999999989,0.7669499999998877
28,28,47.4,43.81794999999988,3.582050000000116
56,56,51.96,43.81794999999988,8.142050000000118
100,90,56.74,43.81794999999988,12.92205000000012
3,3,17.57,17.651450000000008,0.08145000000000735
14,14,33.73,33.56499999999988,0.16500000000011994
28,28,40.15,39.431499999999886,0.7185000000001125
56,56,46.64,39.431499999999886,7.2085000000001145
100,90,50.08,39.431499999999886,10.648500000000112
3,3,17.37,17.564549999999965,0.19454999999996403
14,14,33.7,34.556549999999916,0.8565499999999133
28,28,45.94,43.889599999999916,2.0504000000000815
56,56,51.43,43.889599999999916,7.5404000000000835
100,90,59.3,43.889599999999916,15.410400000000081
3,3,30.45,28.00148333333328,2.4485166666667197
14,14,47.71,47.39144595238093,0.3185540476190738
28,28,63.14,57.29579999999997,5.844200000000029
56,56,66.82,57.29579999999997,9.524200000000022
100,90,66.95,57.29579999999997,9.654200000000031
3,3,27.42,24.281400000000044,3.1385999999999576
14,14,35.96,39.06410000000006,3.1041000000000594
28,28,55.51,51.374550000000085,4.1354499999999135
56,56,61.99,51.374550000000085,10.615449999999917
100,90,63.53,51.374550000000085,12.155449999999917
3,3,18.02,17.479149999999986,0.5408500000000132
14,14,38.6,39.78135000000008,1.18135000000008
28,28,52.2,49.265200000000014,2.9347999999999885
56,56,53.96,49.265200000000014,4.6947999999999865
100,90,56.63,49.265200000000014,7.364799999999988
3,3,15.34,15.585800000000013,0.24580000000001334
14,14,26.05,27.80360000000007,1.7536000000000698
28,28,30.22,32.28550000000002,2.0655000000000214
56,56,37.27,32.28550000000002,4.984499999999983
100,90,46.23,32.28550000000002,13.944499999999977
3,3,16.28,16.43412500000003,0.15412500000002893
14,14,25.62,25.23484999999996,0.38515000000004207
28,28,31.97,32.29720000000003,0.32720000000003324
56,56,36.3,32.29720000000003,4.002799999999965
100,90,43.06,32.29720000000003,10.76279999999997
28,28,67.57,66.52198749999988,1.0480125000001124
28,28,57.23,59.52983749999982,2.299837499999825
28,28,81.75,69.22645000000003,12.523549999999972
28,28,64.02,56.99620000000017,7.023799999999824
28,28,78.8,71.64532249999988,7.154677500000119
28,28,41.37,44.195349999999955,2.8253499999999576
28,28,60.28,59.753350000000125,0.5266499999998757
28,28,56.83,56.4891,0.34089999999999776
28,28,51.02,54.83545000000019,3.8154500000001903
28,28,55.55,53.784466666666574,1.7655333333334227
28,28,44.13,45.39110000000002,1.2611000000000203
28,28,39.38,41.83030000000005,2.4503000000000483
28,28,55.65,55.40411666666653,0.24588333333346668
28,28,47.28,48.40491666666665,1.1249166666666497
28,28,44.33,44.44641666666663,0.11641666666663042
28,28,52.3,50.7729,1.5270999999999972
28,28,49.25,41.500650000000014,7.7493499999999855
28,28,41.37,44.195349999999955,2.8253499999999576
28,28,29.16,28.88034999999994,0.2796500000000606
28,28,39.4,37.5682999999999,1.8317000000000974
28,28,39.3,35.91265000000008,3.3873499999999197
28,28,67.87,58.75760000000014,9.112399999999866
28,28,58.52,60.56568500000019,2.0456850000001836
28,28,53.58,55.91089999999998,2.3308999999999784
28,28,59.0,59.476625000000006,0.4766250000000056
28,28,76.24,67.7224499999999,8.5175500000001
28,28,69.84,68.26325000000006,1.5767499999999472
3,3,14.4,14.347850000000035,0.0521499999999655
3,3,19.42,17.71785000000004,1.7021499999999605
3,3,20.73,17.14260000000002,3.587399999999981
3,3,14.94,15.615950000000039,0.6759500000000394
3,3,21.29,18.768149999999988,2.5218500000000112
3,3,23.08,20.431399999999968,2.6486000000000303
3,3,15.52,15.52045,0.0004500000000007276
3,3,15.82,15.887600000000027,0.0676000000000272
3,3,12.55,12.298299999999998,0.25170000000000314
3,3,8.49,9.553950000000006,1.0639500000000055
3,3,15.61,16.3306,0.720600000000001
3,3,12.18,12.867349999999986,0.6873499999999861
3,3,11.98,12.625900000000007,0.6459000000000064
14,14,16.88,18.782500000000045,1.902500000000046
14,14,33.09,34.08310000000008,0.9931000000000765
14,14,34.24,32.864999999999924,1.3750000000000782
14,14,31.81,32.82800000000008,1.0180000000000824
14,14,29.75,29.297549999999998,0.45245000000000246
14,14,33.01,33.06150000000009,0.051500000000089585
14,14,32.9,33.45224999999996,0.5522499999999582
14,14,29.55,30.684800000000067,1.134800000000066
14,14,19.42,20.544150000000013,1.1241500000000109
14,14,24.66,24.449499999999954,0.21050000000004587
14,14,29.59,31.865550000000052,2.2755500000000524
14,14,24.28,24.708049999999993,0.4280499999999918
14,14,20.73,23.09164999999998,2.3616499999999796
28,28,26.2,22.881549999999958,3.318450000000041
28,28,46.39,42.438250000000046,3.9517499999999544
28,28,39.16,38.0844499999999,1.0755500000000993
28,28,41.2,40.33199999999995,0.8680000000000518
28,28,33.69,32.90734999999994,0.7826500000000607
28,28,38.2,37.90014999999991,0.29985000000009165
28,28,41.41,39.86679999999993,1.5432000000000698
28,28,37.81,37.1267500000001,0.6832499999999015
28,28,24.85,25.430550000000007,0.5805500000000059
28,28,27.22,27.563200000000002,0.34320000000000306
28,28,44.64,41.14985000000011,3.4901499999998933
28,28,37.27,33.39875000000012,3.8712499999998826
28,28,33.27,31.13295000000008,2.137049999999924
56,56,36.56,22.881549999999958,13.678450000000044
56,56,53.72,42.438250000000046,11.281749999999953
56,56,48.59,38.0844499999999,10.505550000000106
56,56,51.72,40.33199999999995,11.388000000000048
56,56,35.85,32.90734999999994,2.9426500000000644
56,56,53.77,37.90014999999991,15.869850000000092
56,56,53.46,39.86679999999993,13.593200000000074
56,56,48.99,37.1267500000001,11.863249999999901
56,56,31.72,25.430550000000007,6.2894499999999915
56,56,39.64,27.563200000000002,12.076799999999999
56,56,51.26,41.14985000000011,10.11014999999989
56,56,43.39,33.39875000000012,9.99124999999988
56,56,39.27,31.13295000000008,8.137049999999924
100,90,37.96,22.881549999999958,15.078450000000043
100,90,55.02,42.438250000000046,12.581749999999957
100,90,49.99,38.0844499999999,11.905550000000105
100,90,53.66,40.33199999999995,13.328000000000046
100,90,37.68,32.90734999999994,4.772650000000063
100,90,56.06,37.90014999999991,18.15985000000009
100,90,56.81,39.86679999999993,16.943200000000076
100,90,50.94,37.1267500000001,13.813249999999897
100,90,33.56,25.430550000000007,8.129449999999995
100,90,41.16,27.563200000000002,13.596799999999995
100,90,52.96,41.14985000000011,11.810149999999894
100,90,44.28,33.39875000000012,10.88124999999988
100,90,40.15,31.13295000000008,9.01704999999992
28,28,57.03,51.68383892857147,5.346161071428533
28,28,44.42,51.68383892857147,7.263838928571467
28,28,51.02,51.68383892857147,0.6638389285714652
28,28,53.39,54.895333333333355,1.505333333333354
3,3,35.36,28.113480416666654,7.246519583333345
3,3,25.02,28.113480416666654,3.0934804166666545
3,3,23.35,28.113480416666654,4.763480416666653
7,7,52.01,43.12654994047622,8.883450059523781
7,7,38.02,43.12654994047622,5.106549940476214
7,7,39.3,43.12654994047622,3.8265499404762195
56,56,61.07,51.68383892857147,9.386161071428532
56,56,56.14,51.68383892857147,4.456161071428532
56,56,55.25,51.68383892857147,3.5661610714285317
56,56,54.77,54.895333333333355,0.1253333333333515
28,28,50.24,49.020891666666614,1.2191083333333879
28,28,46.68,47.81179166666669,1.1317916666666932
28,28,46.68,48.529087916666775,1.8490879166667753
3,3,22.75,24.894616666666707,2.144616666666707
3,3,25.51,25.929616666666767,0.4196166666667658
3,3,34.77,31.08441916666678,3.6855808333332227
7,7,36.84,38.792908333333386,1.952908333333383
7,7,45.9,43.048108333333275,2.851891666666724
7,7,41.67,41.46588333333336,0.20411666666664274
56,56,56.34,49.020891666666614,7.319108333333389
56,56,47.97,47.81179166666669,0.15820833333330597
56,56,61.46,48.529087916666775,12.930912083333226
28,28,44.03,48.62736250000003,4.597362500000031
28,28,55.45,52.78718250000008,2.6628174999999246
28,28,55.55,54.71259999999994,0.8374000000000592
28,28,57.92,56.4823,1.4376999999999995
3,3,25.61,26.888930833333315,1.278930833333316
7,7,33.49,35.08027999999991,1.5902799999999075
56,56,59.59,54.71259999999994,4.8774000000000655
3,3,29.55,28.694814166666717,0.8551858333332838
7,7,37.92,37.23203000000001,0.6879699999999929
56,56,61.86,56.4823,5.377699999999997
28,28,62.05,59.604949999999924,2.445050000000073
3,3,32.01,31.509631250000094,0.5003687499999039
28,28,72.1,66.4707500000002,5.6292499999998
7,7,39.0,39.54101666666666,0.5410166666666569
56,56,65.7,59.604949999999924,6.095050000000079
3,3,32.11,31.35783124999999,0.7521687500000098
7,7,40.29,40.38862833333331,0.09862833333330912
56,56,74.36,66.4707500000002,7.889249999999805
28,28,21.97,22.105299999999964,0.13529999999996534
3,3,9.85,10.309799999999973,0.4597999999999729
7,7,15.07,13.531600000000015,1.5383999999999851
56,56,23.25,22.105299999999964,1.1447000000000358
28,28,43.73,41.27214999999989,2.457850000000107
3,3,13.4,17.256133333333377,3.8561333333333767
7,7,24.13,26.73935000000006,2.6093500000000596
56,56,44.52,41.27214999999989,3.2478500000001134
28,28,62.94,59.60928750000002,3.3307124999999758
28,28,59.49,59.60928750000002,0.11928750000001997
3,3,25.12,25.109198095238103,0.010801904761898129
3,3,23.64,25.109198095238103,1.4691980952381023
7,7,35.75,37.92938428571427,2.1793842857142707
7,7,38.61,37.92938428571427,0.6806157142857288
56,56,68.75,59.60928750000002,9.140712499999978
56,56,66.78,59.60928750000002,7.170712499999979
28,28,23.85,28.956150000000058,5.106150000000056
90,90,32.07,26.961150000000007,5.108849999999993
3,3,11.65,12.355200000000023,0.7052000000000227
3,3,19.2,19.85149999999995,0.6514999999999525
90,90,48.85,38.90045000000007,9.949549999999931
28,28,39.6,38.90045000000007,0.6995499999999311
28,28,43.94,44.15349999999998,0.21349999999998204
7,7,34.57,33.964899999999965,0.6051000000000357
90,90,54.32,44.15349999999998,10.16650000000002
3,3,24.4,25.129799999999996,0.7297999999999973
3,3,15.62,15.175489999999943,0.44451000000005614
90,90,21.86,20.278100000000002,1.5818999999999974
7,7,10.22,11.474699999999999,1.254699999999998
7,7,14.6,17.105599999999974,2.5055999999999745
28,28,18.75,20.278100000000002,1.528100000000002
28,28,31.97,32.296250000000015,0.3262500000000159
7,7,23.4,22.205150000000007,1.1948499999999918
28,28,25.57,26.961150000000007,1.3911500000000068
90,90,41.68,32.296250000000015,9.383749999999985
7,7,27.74,27.30711666666658,0.4328833333334181
3,3,8.2,8.92130000000002,0.7213000000000207
7,7,9.62,11.059549999999955,1.4395499999999561
7,7,25.42,24.13095000000005,1.2890499999999534
7,7,15.69,15.953350000000022,0.2633500000000222
28,28,27.94,30.460549999999948,2.5205499999999468
28,28,32.63,34.247000000000064,1.6170000000000613
7,7,17.24,18.462449999999944,1.2224499999999452
7,7,19.77,20.776799999999998,1.0067999999999984
28,28,39.44,38.95344999999987,0.48655000000012905
28,28,25.75,27.029899999999998,1.2798999999999978
28,28,33.08,34.96764999999993,1.8876499999999297
7,7,24.07,23.961000000000013,0.10899999999998755
7,7,21.82,20.351250000000043,1.4687499999999574
28,28,21.07,24.206200000000003,3.1362000000000023
7,7,14.84,15.557650000000002,0.7176500000000026
28,28,32.05,31.81910000000007,0.23089999999992727
7,7,11.96,12.357650000000021,0.39765000000002004
7,7,25.45,26.762849999999947,1.3128499999999477
28,28,22.49,27.155599999999904,4.665599999999905
28,28,25.22,24.790799999999958,0.42920000000004066
28,28,39.7,39.2717999999999,0.4282000000001034
7,7,13.09,13.428750000000003,0.33875000000000277
28,28,38.7,38.954599999999935,0.25459999999993244
7,7,7.51,9.071499999999991,1.5614999999999917
28,28,17.58,17.595849999999963,0.015849999999964837
7,7,21.18,20.504349999999942,0.6756500000000578
28,28,18.2,21.026149999999944,2.826149999999945
7,7,17.2,17.405299999999958,0.20529999999995852
28,28,22.63,24.07710000000006,1.4471000000000593
7,7,21.86,21.959950000000013,0.09995000000001397
7,7,12.37,13.596449999999953,1.2264499999999536
28,28,25.73,26.533999999999956,0.8039999999999559
28,28,37.81,37.9522500000001,0.14225000000009658
7,7,21.92,22.317800000000044,0.3978000000000428
28,28,33.04,34.2412,1.2012
7,7,14.54,14.783499999999972,0.24349999999997252
28,28,26.91,28.54259999999996,1.632599999999961
7,7,8.0,9.014750000000003,1.014750000000003
28,28,31.9,31.708149999999947,0.19185000000005203
7,7,10.34,10.890799999999981,0.5507999999999811
28,28,19.77,19.87265,0.10265000000000057
28,28,37.44,36.80774999999989,0.6322500000001057
7,7,11.48,11.766150000000007,0.28615000000000634
7,7,24.44,23.949900000000003,0.4900999999999982
28,28,17.6,20.530399999999975,2.930399999999974
7,7,10.73,11.283950000000006,0.5539500000000057
28,28,31.38,32.62485000000006,1.24485000000006
3,3,13.22,13.860589999999966,0.6405899999999658
7,7,20.97,20.903249999999947,0.06675000000005227
14,14,27.04,25.565599999999975,1.4744000000000241
28,28,32.04,31.35814999999999,0.6818500000000078
90,90,35.17,31.35814999999999,3.8118500000000104
180,180+,36.45,31.35814999999999,5.0918500000000115
365,180+,38.89,31.35814999999999,7.531850000000009
3,3,6.47,7.802650000000015,1.3326500000000152
14,14,12.84,15.37340000000003,2.5334000000000305
28,28,18.42,18.089400000000033,0.3305999999999685
90,90,21.95,18.089400000000033,3.860599999999966
180,180+,24.1,18.60695000000003,5.493049999999972
365,180+,25.08,18.60695000000003,6.473049999999969
14,14,21.26,21.689300000000053,0.4293000000000511
28,28,25.97,25.967799999999997,0.002200000000001978
3,3,11.36,11.824599999999984,0.4645999999999848
90,90,31.25,25.967799999999997,5.282200000000003
180,180+,32.33,25.967799999999997,6.362200000000001
360,180+,33.7,25.967799999999997,7.732200000000006
3,3,9.31,9.17414999999998,0.1358500000000209
90,90,26.94,19.8639,7.0761
180,180+,27.63,19.8639,7.766099999999998
365,180+,29.79,19.8639,9.926099999999998
180,180+,34.49,28.096250000000012,6.39374999999999
365,180+,36.15,28.096250000000012,8.053749999999987
3,3,12.54,12.038349999999975,0.5016500000000246
28,28,27.53,28.096250000000012,0.5662500000000108
90,90,32.92,28.096250000000012,4.82374999999999
7,7,9.99,11.126099999999992,1.136099999999992
7,7,7.84,9.354699999999982,1.5146999999999817
28,28,12.25,14.623649999999996,2.373649999999996
7,7,11.17,11.517550000000021,0.34755000000002134
28,28,17.34,17.693050000000024,0.3530500000000245
7,7,17.54,18.719999999999978,1.1799999999999784
28,28,30.57,30.36864999999995,0.2013500000000512
7,7,14.2,15.856999999999976,1.656999999999977
28,28,24.5,25.1803,0.680299999999999
7,7,15.58,16.39754999999997,0.8175499999999705
28,28,26.85,26.20120000000002,0.6487999999999801
7,7,26.06,25.281050000000036,0.7789499999999627
28,28,38.21,37.19510000000002,1.014899999999983
28,28,43.7,40.7803999999999,2.919600000000102
7,7,30.14,29.006100000000032,1.1338999999999686
7,7,12.73,12.722100000000017,0.007899999999983365
28,28,20.87,20.712549999999965,0.15745000000003628
7,7,20.28,20.940450000000055,0.6604500000000542
28,28,34.29,33.50364999999999,0.7863500000000059
7,7,19.54,19.024849999999994,0.5151500000000055
90,90,47.71,35.24785000000003,12.462149999999973
90,90,43.38,32.021199999999936,11.358800000000066
28,28,29.89,29.568300000000026,0.321699999999975
3,3,6.9,8.238100000000012,1.3381000000000114
90,90,33.19,24.328199999999985,8.861800000000013
3,3,4.9,6.1809,1.2809
3,3,4.57,4.740650000000011,0.17065000000001085
90,90,25.46,19.638550000000055,5.821449999999945
28,28,24.29,24.328199999999985,0.03819999999998558
28,28,33.95,34.146799999999914,0.19679999999991082
3,3,11.41,10.921100000000017,0.48889999999998324
28,28,20.59,21.94275000000003,1.3527500000000288
7,7,25.89,23.82364999999999,2.0663500000000106
90,90,29.23,21.94275000000003,7.287249999999972
90,90,31.02,22.970599999999994,8.049400000000006
7,7,10.39,11.41815000000001,1.028150000000009
28,28,33.66,32.021199999999936,1.6388000000000602
28,28,27.87,27.228199999999944,0.6418000000000568
7,7,19.35,18.085049999999978,1.2649500000000238
7,7,11.39,11.215100000000016,0.17489999999998496
3,3,12.79,13.46724999999998,0.6772499999999813
28,28,39.32,38.054649999999924,1.2653500000000761
3,3,4.78,5.85834999999999,1.0783499999999897
3,3,16.11,15.606000000000009,0.5039999999999907
28,28,43.38,41.01455000000006,2.365449999999946
7,7,20.42,19.280600000000042,1.1393999999999593
3,3,6.94,7.584600000000032,0.6446000000000316
7,7,15.03,14.776650000000034,0.25334999999996555
3,3,13.57,13.168450000000021,0.401549999999979
90,90,32.53,25.266950000000076,7.263049999999925
7,7,15.75,15.050999999999997,0.6990000000000034
7,7,7.68,8.19945000000001,0.5194500000000097
28,28,38.8,38.65270000000009,0.14729999999990895
28,28,33.0,31.750900000000023,1.2490999999999772
28,28,17.28,19.638550000000055,2.3585500000000543
28,28,24.28,25.117150000000027,0.837150000000026
28,28,24.05,25.266950000000076,1.2169500000000752
90,90,36.59,27.228199999999944,9.36180000000006
90,90,50.73,38.054649999999924,12.675350000000073
7,7,13.66,12.188800000000004,1.471199999999996
3,3,14.14,14.842849999999983,0.702849999999982
90,90,47.78,32.75165000000006,15.02834999999994
3,3,2.33,3.2553000000000027,0.9253000000000027
7,7,16.89,15.340099999999984,1.549900000000017
7,7,23.52,22.726400000000027,0.793599999999973
3,3,6.81,8.148649999999979,1.338649999999979
90,90,39.7,31.750900000000023,7.94909999999998
28,28,17.96,19.869750000000014,1.9097500000000132
28,28,32.88,32.75165000000006,0.12834999999994068
28,28,22.35,22.970599999999994,0.6205999999999925
7,7,10.79,10.761399999999991,0.028600000000007952
7,7,7.72,8.607050000000013,0.8870500000000137
28,28,41.68,39.97650000000007,1.7034999999999272
3,3,9.56,11.846449999999969,2.2864499999999683
3,3,6.88,6.865650000000011,0.01434999999998876
90,90,50.53,38.65270000000009,11.877299999999913
7,7,17.17,15.665200000000016,1.5047999999999853
28,28,30.44,29.96474999999997,0.47525000000003104
3,3,9.73,10.665750000000001,0.9357500000000005
3,3,3.32,4.238200000000011,0.9182000000000108
90,90,26.32,19.869750000000014,6.450249999999986
90,90,43.25,29.96474999999997,13.28525000000003
3,3,6.28,5.622249999999991,0.6577500000000089
90,90,32.1,25.117150000000027,6.982849999999974
28,28,36.96,35.24785000000003,1.7121499999999727
90,90,54.6,41.01455000000006,13.585449999999945
7,7,21.48,19.949300000000004,1.530699999999996
3,3,9.69,9.665400000000028,0.02459999999997109
7,7,8.37,9.255249999999972,0.8852499999999726
90,90,39.66,29.568300000000026,10.091699999999971
7,7,10.09,9.978799999999984,0.11120000000001617
3,3,4.83,5.671150000000004,0.8411500000000043
7,7,10.35,10.14894999999998,0.20105000000001993
90,90,43.57,34.146799999999914,9.423200000000087
90,90,51.86,39.97650000000007,11.883499999999927
3,3,11.85,11.792799999999959,0.057200000000040774
7,7,17.24,17.17304999999994,0.0669500000000589
28,28,27.83,27.612099999999973,0.21790000000002507
90,90,35.76,27.612099999999973,8.147900000000025
120,90,38.7,27.612099999999973,11.08790000000003
3,3,14.31,14.107839999999962,0.2021600000000383
7,7,17.44,17.551250000000042,0.11125000000004093
28,28,31.74,31.851049999999887,0.11104999999988863
90,90,37.91,31.851049999999887,6.0589500000001095
120,90,39.38,31.851049999999887,7.5289500000001155
3,3,15.87,15.322609999999946,0.5473900000000533
7,7,9.01,12.626500000000027,3.616500000000027
28,28,33.61,33.14524999999992,0.4647500000000804
90,90,40.66,33.14524999999992,7.5147500000000775
120,90,40.86,33.14524999999992,7.71475000000008
7,7,12.05,11.45179999999999,0.598200000000011
28,28,17.54,17.50229999999997,0.03770000000002938
7,7,18.91,17.30719999999998,1.6028000000000198
28,28,25.18,24.331849999999964,0.8481500000000359
7,7,30.96,25.656500000000005,5.303499999999996
28,28,43.89,44.212650000000046,0.3226500000000456
90,90,54.28,44.212650000000046,10.067349999999955
28,28,36.94,37.179299999999905,0.2392999999999077
7,7,14.5,15.060699999999995,0.5606999999999953
28,28,22.44,22.863150000000005,0.42315000000000325
1,3,12.64,17.32044999999997,4.6804499999999685
3,3,26.06,25.265250000000034,0.794749999999965
7,7,33.21,33.08525000000001,0.1247499999999917
14,14,36.94,37.36974999999993,0.4297499999999346
28,28,44.09,44.482950000000066,0.39295000000006297
7,7,52.61,49.82616666666668,2.7838333333333196
14,14,59.76,55.86116666666675,3.8988333333332506
28,28,67.31,64.43544999999996,2.874550000000042
90,90,69.66,64.43544999999996,5.224550000000036
180,180+,71.62,64.43544999999996,7.184550000000044
270,180+,74.17,64.43544999999996,9.734550000000041
7,7,18.13,18.865700000000064,0.7357000000000653
14,14,22.53,22.624450000000046,0.09445000000004455
28,28,27.34,28.798800000000043,1.4588000000000427
56,56,29.98,28.798800000000043,1.1811999999999578
90,90,31.35,28.798800000000043,2.551199999999959
180,180+,32.72,28.798800000000043,3.9211999999999563
1,3,6.27,9.927549999999998,3.6575499999999987
3,3,14.7,15.170849999999968,0.47084999999996846
7,7,23.22,24.616949999999985,1.3969499999999861
14,14,27.92,27.623700000000035,0.2962999999999667
28,28,31.35,34.02740000000006,2.6774000000000555
180,180+,39.0,31.387649999999923,7.612350000000077
360,180+,41.24,31.387649999999923,9.85235000000008
3,3,14.99,15.047529999999995,0.05752999999999453
3,3,13.52,13.646989999999976,0.12698999999997618
7,7,24.0,23.979600000000016,0.02039999999998443
28,28,37.42,36.89665000000003,0.5233499999999722
7,7,11.47,13.87309999999997,2.40309999999997
28,28,22.44,22.698900000000013,0.25890000000001123
7,7,21.16,20.656399999999948,0.503600000000052
28,28,31.84,31.628450000000008,0.2115499999999919
7,7,14.8,16.04875000000002,1.248750000000019
28,28,25.18,25.82645000000001,0.6464500000000086
28,28,17.54,17.645049999999973,0.10504999999997366
7,7,14.2,14.705899999999978,0.5058999999999791
28,28,21.65,22.831450000000007,1.1814500000000088
90,90,29.39,22.831450000000007,6.558549999999993
3,3,13.52,14.101439999999977,0.5814399999999775
7,7,16.26,16.97570000000006,0.7157000000000586
28,28,31.45,31.387649999999923,0.06235000000007673
90,90,37.23,31.387649999999923,5.842350000000074
7,7,18.13,18.38085000000007,0.25085000000007085
28,28,32.72,32.8863,0.16629999999999967
90,90,39.49,32.8863,6.6037000000000035
180,180+,41.05,32.8863,8.163699999999999
360,180+,42.13,32.8863,9.243700000000004
14,14,18.13,19.63205000000005,1.5020500000000503
180,180+,26.74,23.436550000000008,3.303449999999991
180,180+,61.92,54.7271,7.192900000000002
90,90,47.22,44.482950000000066,2.7370499999999325
180,180+,51.04,44.482950000000066,6.557049999999933
270,180+,55.16,44.482950000000066,10.67704999999993
3,3,41.64,40.712210000000105,0.9277899999998951
7,7,13.71,12.937250000000015,0.7727499999999861
28,28,19.69,19.771150000000034,0.08115000000003292
28,28,31.65,31.846799999999938,0.19679999999993925
3,3,19.11,19.687399999999986,0.5773999999999866
28,28,39.58,38.89325000000001,0.6867499999999893
90,90,48.79,38.89325000000001,9.89674999999999
7,7,24.0,24.038750000000007,0.03875000000000739
28,28,37.42,37.262400000000014,0.15759999999998797
7,7,11.47,11.930399999999999,0.46039999999999814
28,28,19.69,19.771150000000034,0.08115000000003292
7,7,14.99,16.59324999999995,1.6032499999999512
28,28,27.92,27.920600000000036,0.0006000000000341288
90,90,34.68,27.920600000000036,6.759399999999964
180,180+,37.33,27.920600000000036,9.409399999999962
360,180+,38.11,27.920600000000036,10.189399999999964
3,3,33.8,33.5681500000001,0.23184999999989486
7,7,42.42,41.89267500000003,0.5273249999999692
14,14,48.4,46.88664999999989,1.5133500000001092
28,28,55.94,54.7271,1.2128999999999976
90,90,58.78,54.7271,4.052900000000001
270,180+,67.11,54.7271,12.3829
14,14,20.77,20.990600000000015,0.22060000000001523
28,28,25.18,26.416300000000007,1.236300000000007
180,180+,29.59,26.416300000000007,3.173699999999993
28,28,21.75,23.436550000000008,1.6865500000000075
28,28,39.09,37.97805000000002,1.111949999999986
3,3,24.39,25.125749999999986,0.7357499999999852
7,7,50.51,49.5214500000001,0.988549999999897
28,28,74.99,70.43263749999991,4.557362500000082
28,28,37.17,37.21615000000004,0.04615000000003988
28,28,33.76,33.955300000000136,0.19530000000013814
28,28,16.5,18.253599999999995,1.7535999999999952
28,28,19.99,20.364049999999903,0.3740499999999045
28,28,36.35,36.4286500000001,0.07865000000009559
28,28,33.69,36.911099999999934,3.221099999999936
28,28,15.42,15.872150000000035,0.45215000000003513
28,28,33.42,34.78475000000005,1.3647500000000505
28,28,39.05,40.06350000000011,1.0135000000001142
28,28,27.68,29.076700000000038,1.3967000000000382
28,28,26.86,26.976399999999966,0.11639999999996675
28,28,45.3,44.36865000000006,0.931349999999938
28,28,30.12,30.584549999999922,0.46454999999992097
28,28,15.57,15.197200000000034,0.37279999999996605
28,28,44.61,42.06409999999989,2.5459000000001097
28,28,53.52,51.63145000000022,1.888549999999782
28,28,57.21,56.37294999999984,0.8370500000001613
28,28,65.91,64.70844999999991,1.2015500000000827
28,28,52.82,51.8182999999999,1.001700000000099
28,28,33.4,33.424099999999925,0.02409999999992607
28,28,18.03,19.80145000000006,1.7714500000000584
28,28,37.36,36.8065999999999,0.5534000000001029
28,28,32.84,33.32630000000008,0.4863000000000781
28,28,42.64,41.46190000000012,1.1780999999998798
28,28,40.06,38.731850000000165,1.3281499999998374
28,28,41.94,42.31309999999994,0.37309999999994403
28,28,61.23,60.53959999999978,0.6904000000002171
28,28,40.87,41.02004999999994,0.1500499999999434
28,28,33.3,32.67760000000009,0.6223999999999066
28,28,52.42,51.71035000000004,0.7096499999999608
28,28,15.09,15.970100000000034,0.8801000000000343
28,28,38.46,39.02790000000003,0.56790000000003
28,28,37.26,38.01085000000014,0.7508500000001419
28,28,35.23,34.416799999999874,0.8132000000001227
28,28,42.13,42.226600000000055,0.09660000000005198
28,28,31.87,31.955399999999962,0.08539999999996084
28,28,41.54,41.102199999999975,0.43780000000002417
28,28,39.45,39.333399999999926,0.11660000000007642
28,28,37.91,37.55894999999996,0.3510500000000363
28,28,44.28,44.297599999999974,0.017599999999973193
28,28,31.18,32.35900000000006,1.179000000000059
28,28,23.69,24.31849999999997,0.628499999999967
28,28,32.76,33.01890000000012,0.2589000000001249
28,28,32.4,33.72754999999992,1.327549999999924
28,28,28.63,29.22340000000008,0.5934000000000808
28,28,36.8,35.68910000000012,1.11089999999988
28,28,18.28,19.467700000000033,1.1877000000000315
28,28,33.06,32.19705000000008,0.8629499999999197
28,28,31.42,31.275600000000054,0.14439999999994768
28,28,31.03,30.15089999999998,0.8791000000000224
28,28,44.39,43.37170000000009,1.0182999999999112
28,28,12.18,12.465399999999988,0.28539999999998855
28,28,25.56,25.252000000000024,0.30799999999997496
28,28,36.44,34.188399999999874,2.251600000000124
28,28,32.96,33.62040000000003,0.6604000000000312
28,28,23.84,25.802450000000057,1.9624500000000573
28,28,26.23,25.886199999999953,0.34380000000004785
28,28,17.95,18.225449999999967,0.27544999999996733
28,28,40.68,39.68740000000007,0.992599999999932
28,28,19.01,20.55525000000008,1.5452500000000775
28,28,33.72,35.758450000000046,2.038450000000047
28,28,8.54,9.106499999999977,0.5664999999999782
28,28,13.46,14.077000000000023,0.6170000000000222
28,28,32.24,32.17249999999991,0.06750000000009493
28,28,23.52,23.44030000000004,0.07969999999995991
28,28,29.72,29.23554999999996,0.484450000000038
28,28,49.77,48.618000000000194,1.1519999999998092
28,28,52.44,52.094399999999986,0.3456000000000117
28,28,40.93,41.6514500000001,0.7214500000000967
28,28,44.86,43.30059999999993,1.5594000000000676
28,28,13.2,13.81454999999998,0.61454999999998
28,28,37.43,36.95025000000008,0.4797499999999175
28,28,29.87,29.880949999999917,0.01094999999991586
28,28,56.61,56.995950000000086,0.3859500000000864
28,28,12.46,12.024600000000019,0.4353999999999818
28,28,23.79,23.76484999999997,0.025150000000028427
28,28,13.29,13.689149999999977,0.39914999999997747
28,28,39.42,40.28730000000005,0.8673000000000499
28,28,46.23,45.903199999999835,0.32680000000016207
28,28,44.52,45.98835000000021,1.468350000000207
28,28,23.74,23.7704999999999,0.030499999999900496
28,28,26.14,26.05775000000001,0.08224999999999127
28,28,15.52,15.226949999999995,0.2930500000000045
28,28,43.57,43.47524999999993,0.09475000000006872
28,28,35.86,36.6681999999999,0.8081999999998999
28,28,41.05,41.318700000000106,0.2687000000001092
28,28,28.99,28.320649999999887,0.6693500000001116
28,28,46.24,45.003699999999895,1.2363000000001065
28,28,26.92,26.741500000000038,0.17849999999996413
28,28,10.54,10.614599999999978,0.0745999999999789
28,28,25.1,28.015900000000055,2.915900000000054
28,28,29.07,29.120149999999953,0.0501499999999524
28,28,9.74,10.216700000000008,0.4767000000000081
28,28,33.8,33.43310000000009,0.36689999999990874
28,28,39.84,37.30320000000004,2.536799999999964
28,28,26.97,29.413450000000022,2.4434500000000234
28,28,27.23,28.51254999999993,1.2825499999999295
28,28,30.65,32.358199999999954,1.7081999999999553
28,28,33.05,32.31210000000006,0.7378999999999394
28,28,24.58,25.14494999999996,0.5649499999999605
28,28,21.91,23.964199999999945,2.0541999999999447
28,28,30.88,31.457500000000053,0.5775000000000539
28,28,15.34,15.892050000000001,0.5520500000000013
28,28,24.34,25.870700000000028,1.530700000000028
28,28,23.89,27.285050000000034,3.395050000000033
28,28,22.93,24.842700000000015,1.9127000000000152
28,28,29.41,28.879449999999974,0.5305500000000265
28,28,28.63,29.22340000000008,0.5934000000000808
28,28,36.8,36.12585000000012,0.6741499999998766
28,28,18.29,19.301999999999992,1.0119999999999933
28,28,32.72,32.19570000000005,0.5242999999999469
28,28,31.42,31.027400000000053,0.3925999999999483
28,28,28.94,29.534599999999955,0.5945999999999536
28,28,40.93,42.3300000000001,1.400000000000098
28,28,12.18,12.473599999999987,0.2935999999999872
28,28,25.56,25.345400000000026,0.21459999999997237
28,28,36.44,34.782999999999866,1.6570000000001315
28,28,32.96,33.61960000000003,0.6596000000000259
28,28,23.84,25.434700000000056,1.5947000000000564
28,28,26.23,26.011699999999955,0.21830000000004546
28,28,17.96,18.323050000000006,0.36305000000000476
28,28,38.63,38.763200000000076,0.13320000000007326
28,28,19.01,19.78335000000008,0.7733500000000788
28,28,33.72,34.73245000000004,1.0124500000000438
28,28,8.54,9.139249999999977,0.5992499999999783
28,28,13.46,14.070550000000024,0.610550000000023
28,28,32.25,32.16054999999997,0.08945000000002779
28,28,23.52,23.44030000000004,0.07969999999995991
28,28,29.73,29.311599999999913,0.41840000000008715
28,28,49.77,48.24600000000019,1.5239999999998162
28,28,52.45,51.81410000000003,0.635899999999971
28,28,40.93,41.484850000000094,0.5548500000000942
28,28,44.87,43.582099999999954,1.2879000000000431
28,28,13.2,13.93094999999998,0.7309499999999804
28,28,37.43,36.94015000000009,0.48984999999991174
28,28,29.87,29.99169999999992,0.12169999999991887
28,28,56.62,57.00020000000012,0.3802000000001229
28,28,12.46,12.04420000000002,0.4157999999999813
28,28,23.79,23.52824999999997,0.2617500000000277
28,28,13.29,13.624049999999977,0.3340499999999782
28,28,39.42,40.24800000000007,0.8280000000000669
28,28,46.23,46.03074999999983,0.1992500000001698
28,28,44.52,46.010950000000214,1.4909500000002112
28,28,23.74,23.9012999999999,0.1612999999999012
28,28,26.15,26.226149999999997,0.07614999999999839
28,28,15.53,15.302750000000024,0.22724999999997486
28,28,43.58,43.54059999999995,0.039400000000050284
28,28,35.87,36.62069999999991,0.7506999999999096
28,28,41.05,41.644400000000104,0.5944000000001068
28,28,28.99,28.435799999999876,0.5542000000001224
28,28,46.25,45.20599999999997,1.0440000000000325
28,28,26.92,26.786300000000036,0.1336999999999655
28,28,10.54,10.614599999999978,0.0745999999999789
28,28,25.1,27.041850000000036,1.9418500000000343
28,28,29.07,29.538399999999953,0.46839999999995285
28,28,9.74,10.21205000000001,0.4720500000000101
28,28,33.8,34.033850000000086,0.23385000000008915
28,28,37.17,37.18720000000005,0.01720000000004518
28,28,33.76,33.955300000000136,0.19530000000013814
28,28,16.5,17.999899999999997,1.4998999999999967
28,28,19.99,20.586799999999897,0.5967999999998987
28,28,36.35,36.387350000000104,0.03735000000010302
28,28,38.22,38.67715,0.4571499999999986
28,28,15.42,15.68245000000004,0.26245000000004026
28,28,33.42,34.68425000000005,1.2642500000000467
28,28,39.06,40.04230000000014,0.9823000000001372
28,28,27.68,29.12335000000003,1.4433500000000308
28,28,26.86,27.211199999999963,0.3511999999999631
28,28,45.3,44.73730000000004,0.5626999999999569
28,28,30.12,30.294849999999926,0.17484999999992468
28,28,15.57,15.238250000000033,0.33174999999996757
28,28,44.61,42.236799999999896,2.3732000000001037
28,28,53.52,51.63145000000022,1.888549999999782
28,28,57.22,56.26829999999989,0.951700000000109
28,28,65.91,64.70844999999991,1.2015500000000827
28,28,52.83,51.916599999999924,0.9134000000000739
28,28,33.4,33.35594999999992,0.04405000000007675
28,28,18.03,17.78185000000005,0.2481499999999528
28,28,37.36,36.5436499999999,0.8163500000000994
28,28,35.31,34.18025000000011,1.1297499999998948
28,28,42.64,41.588550000000126,1.0514499999998748
28,28,40.06,38.87570000000016,1.184299999999844
28,28,43.8,43.10160000000002,0.6983999999999781
28,28,61.24,60.72054999999982,0.5194500000001838
28,28,40.87,40.95734999999993,0.08734999999992965
28,28,33.31,32.620550000000094,0.6894499999999084
28,28,52.43,51.91770000000009,0.5122999999999109
28,28,15.09,15.958850000000036,0.8688500000000356
28,28,38.46,38.74240000000003,0.28240000000003107
28,28,37.27,37.72075000000016,0.45075000000015564
28,28,35.23,34.57199999999986,0.6580000000001363
28,28,42.14,42.24815000000007,0.10815000000006592
28,28,31.88,31.959600000000037,0.0796000000000383
28,28,41.54,40.96894999999998,0.5710500000000209
28,28,39.46,39.36709999999998,0.09290000000002152
28,28,37.92,37.58780000000002,0.33219999999997896
28,28,44.28,44.309649999999976,0.029649999999975307
28,28,31.18,32.452950000000065,1.2729500000000655
28,28,23.7,24.282899999999938,0.5828999999999382
28,28,32.77,33.23695000000013,0.466950000000125
28,28,32.4,33.56699999999992,1.1669999999999234
